{
  "pre_exp": {
    "metrics": {
      "R2": 0.8453366781322812,
      "MAE": 13.415740565547505,
      "RMSE": 19.849070632981892,
      "MB": -0.5965953182752561
    },
    "判定": {
      "innovation_verified": false
    }
  },
  "stage1": {
    "metrics": {
      "R2": 0.8574161674958893,
      "MAE": 12.17609622658668,
      "RMSE": 20.016896058448832,
      "MB": -0.5361298765373341
    },
    "判定": {
      "innovation_verified": false
    }
  },
  "stage2": {
    "metrics": {
      "R2": 0.7235436379012875,
      "MAE": 4.574965602941354,
      "RMSE": 6.65555028476447,
      "MB": -0.4312927433532153
    },
    "判定": {
      "innovation_verified": false
    }
  },
  "stage3": {
    "metrics": {
      "R2": 0.8488122035603304,
      "MAE": 9.729162623146857,
      "RMSE": 15.237084232499734,
      "MB": -0.6011193051202852
    },
    "判定": {
      "innovation_verified": false
    }
  }
}