{
  "pre_exp": {
    "metrics": {
      "R2": 0.7777557228886516,
      "MAE": 16.5019578532036,
      "RMSE": 23.793690249161163,
      "MB": -0.3219826932562371
    },
    "判定": {
      "innovation_verified": false
    }
  },
  "stage1": {
    "metrics": {
      "R2": 0.7955080599363935,
      "MAE": 14.978858401658407,
      "RMSE": 23.971747231951277,
      "MB": -0.09472807497659773
    },
    "判定": {
      "innovation_verified": false
    }
  },
  "stage2": {
    "metrics": {
      "R2": 0.5947372671412832,
      "MAE": 5.4501133457650015,
      "RMSE": 8.058217939452401,
      "MB": -0.44469559270076336
    },
    "判定": {
      "innovation_verified": false
    }
  },
  "stage3": {
    "metrics": {
      "R2": 0.7676737991486473,
      "MAE": 12.101081955054227,
      "RMSE": 18.88828795778328,
      "MB": -0.16502983141995847
    },
    "判定": {
      "innovation_verified": false
    }
  }
}