{
  "pre_exp": {
    "metrics": {
      "R2": 0.901758960609956,
      "MAE": 10.227941902162602,
      "RMSE": 15.819508443733794,
      "MB": 0.04835775771865489
    },
    "判定": {
      "innovation_verified": true
    }
  },
  "stage1": {
    "metrics": {
      "R2": 0.9128152828939637,
      "MAE": 9.102858380717672,
      "RMSE": 15.652430114823591,
      "MB": -0.13930543999406741
    },
    "判定": {
      "innovation_verified": true
    }
  },
  "stage2": {
    "metrics": {
      "R2": 0.8487385833850475,
      "MAE": 3.3647082242752426,
      "RMSE": 4.923055777598968,
      "MB": -0.04951557518942808
    },
    "判定": {
      "innovation_verified": false
    }
  },
  "stage3": {
    "metrics": {
      "R2": 0.9097292282105175,
      "MAE": 7.194755264762055,
      "RMSE": 11.773811476189483,
      "MB": 0.025169906592031478
    },
    "判定": {
      "innovation_verified": true
    }
  }
}