{
  "pre_exp": {
    "metrics": {
      "R2": 0.8384372729720673,
      "MAE": 13.581052004547525,
      "RMSE": 20.286965835465423,
      "MB": -0.5979831782255531
    },
    "判定": {
      "innovation_verified": false
    }
  },
  "stage1": {
    "metrics": {
      "R2": 0.8559617361720263,
      "MAE": 12.24888365701718,
      "RMSE": 20.118728551764786,
      "MB": -0.40491806877014874
    },
    "判定": {
      "innovation_verified": false
    }
  },
  "stage2": {
    "metrics": {
      "R2": 0.7144726506961188,
      "MAE": 4.591432087116055,
      "RMSE": 6.763858777467578,
      "MB": -0.4108681305298093
    },
    "判定": {
      "innovation_verified": false
    }
  },
  "stage3": {
    "metrics": {
      "R2": 0.8472325098658318,
      "MAE": 9.765084677205117,
      "RMSE": 15.316480118999294,
      "MB": -0.4941798832110551
    },
    "判定": {
      "innovation_verified": false
    }
  }
}