{
  "pre_exp": {
    "metrics": {
      "R2": 0.9047271317277994,
      "MAE": 10.016211621405018,
      "RMSE": 15.57869699597849,
      "MB": 0.022489544835373642
    },
    "判定": {
      "innovation_verified": true
    }
  },
  "stage1": {
    "metrics": {
      "R2": 0.9162212498073282,
      "MAE": 8.82746397287803,
      "RMSE": 15.343644606814019,
      "MB": -0.1111233755790919
    },
    "判定": {
      "innovation_verified": true
    }
  },
  "stage2": {
    "metrics": {
      "R2": 0.8525853203087077,
      "MAE": 3.303004312234384,
      "RMSE": 4.86005340060021,
      "MB": -0.043330748400886195
    },
    "判定": {
      "innovation_verified": true
    }
  },
  "stage3": {
    "metrics": {
      "R2": 0.9128866652978707,
      "MAE": 7.024400197604372,
      "RMSE": 11.566070074428321,
      "MB": 0.02460297020019976
    },
    "判定": {
      "innovation_verified": true
    }
  }
}