{
  "pre_exp": {
    "R2": 0.903685810580484,
    "MAE": 10.138774217419428,
    "RMSE": 15.66360228027981,
    "MB": -0.2011499739739211
  },
  "stage1": {
    "R2": 0.9130394367969388,
    "MAE": 8.90830632005998,
    "RMSE": 15.63229578701819,
    "MB": -0.1055874698973935
  },
  "stage2": {
    "R2": 0.8050530255351978,
    "MAE": 3.70322436241586,
    "RMSE": 5.588933269979196,
    "MB": -0.2968634637629105
  },
  "stage3": {
    "R2": 0.9004698093376694,
    "MAE": 7.330878666087777,
    "RMSE": 12.36291598119655,
    "MB": -0.28751495548271405
  }
}