{
  "pre_exp": {
    "R2": 0.9056763330325078,
    "MAE": 10.028901796616495,
    "RMSE": 15.500897640104993,
    "MB": -0.07445151907437075
  },
  "stage1": {
    "R2": 0.9147925605848413,
    "MAE": 8.812567728583051,
    "RMSE": 15.473920073183393,
    "MB": -0.04387482203448336
  },
  "stage2": {
    "R2": 0.8081042015149392,
    "MAE": 3.6704227700637055,
    "RMSE": 5.545023711826527,
    "MB": -0.20686503957858457
  },
  "stage3": {
    "R2": 0.9030101373501742,
    "MAE": 7.250828726114597,
    "RMSE": 12.204125693989868,
    "MB": -0.13203305763584383
  }
}