{
  "pre_exp": {
    "R2": 0.9047642546195991,
    "MAE": 10.081420916469213,
    "RMSE": 15.575661595447553,
    "MB": -0.14931320931519723
  },
  "stage1": {
    "R2": 0.9139675092462931,
    "MAE": 8.855398927153841,
    "RMSE": 15.548655463435736,
    "MB": -0.0811093830640488
  },
  "stage2": {
    "R2": 0.8068000822211364,
    "MAE": 3.6852087149826107,
    "RMSE": 5.56383373262101,
    "MB": -0.26139130348276685
  },
  "stage3": {
    "R2": 0.9016587389052925,
    "MAE": 7.28837653972246,
    "RMSE": 12.288854052174582,
    "MB": -0.22504963931939936
  }
}