{
  "pre_exp": {
    "R2": 0.8993739018273329,
    "MAE": 10.362240818334445,
    "RMSE": 16.010386892649258,
    "MB": -0.34379369105459123
  },
  "stage1": {
    "R2": 0.9093609141091684,
    "MAE": 9.123054510074645,
    "RMSE": 15.959502552363634,
    "MB": -0.17046793879896854
  },
  "stage2": {
    "R2": 0.7975602782575758,
    "MAE": 3.777413399789998,
    "RMSE": 5.695325375012848,
    "MB": -0.3845836695658313
  },
  "stage3": {
    "R2": 0.8962939183124715,
    "MAE": 7.5021590690449464,
    "RMSE": 12.619600674006078,
    "MB": -0.44880648371425486
  }
}