{
  "pre_exp": {
    "metrics": {
      "R2": 0.8274631410545007,
      "MAE": 14.017073232247006,
      "RMSE": 20.964642162559727,
      "MB": 0.49715175550955265
    },
    "判定": {
      "innovation_verified": false
    }
  },
  "stage1": {
    "metrics": {
      "R2": 0.8314332931576096,
      "MAE": 12.898002313101305,
      "RMSE": 21.764439802288226,
      "MB": 0.2661317967389185
    },
    "判定": {
      "innovation_verified": false
    }
  },
  "stage2": {
    "metrics": {
      "R2": 0.7369809105605025,
      "MAE": 4.0946910498665305,
      "RMSE": 6.4917877127094,
      "MB": -0.02921380318470358
    },
    "判定": {
      "innovation_verified": false
    }
  },
  "stage3": {
    "metrics": {
      "R2": 0.8132769403648124,
      "MAE": 10.108155567538097,
      "RMSE": 16.933334103260208,
      "MB": 0.4676378114611744
    },
    "判定": {
      "innovation_verified": false
    }
  }
}