{
  "pre_exp": {
    "metrics": {
      "R2": 0.80234410239711,
      "MAE": 15.303980350269226,
      "RMSE": 22.438891516261926,
      "MB": 0.47654244279603447
    },
    "判定": {
      "innovation_verified": false
    }
  },
  "stage1": {
    "metrics": {
      "R2": 0.8052329909612781,
      "MAE": 14.29584239935769,
      "RMSE": 23.39479745598481,
      "MB": 0.3907939854826105
    },
    "判定": {
      "innovation_verified": false
    }
  },
  "stage2": {
    "metrics": {
      "R2": 0.7230222872994452,
      "MAE": 4.459598779374983,
      "RMSE": 6.661822957889877,
      "MB": -0.03056089077959801
    },
    "判定": {
      "innovation_verified": false
    }
  },
  "stage3": {
    "metrics": {
      "R2": 0.7873851438028684,
      "MAE": 11.158892429245451,
      "RMSE": 18.069257347602854,
      "MB": 0.6052519946839959
    },
    "判定": {
      "innovation_verified": false
    }
  }
}