{
  "pre_exp": {
    "R2": -0.8465513133306002,
    "MAE": 39.35724825411439,
    "RMSE": 68.58469325999772,
    "MB": 23.884848779145557
  },
  "stage1": {
    "R2": -0.5776611447882587,
    "MAE": 36.036281343719295,
    "RMSE": 66.58378157070949,
    "MB": 16.852019782207663
  },
  "stage2": {
    "R2": -1.2434007014142385,
    "MAE": 10.897497584627398,
    "RMSE": 18.95937865142539,
    "MB": 7.649196599914305
  },
  "stage3": {
    "R2": -1.1765526784864324,
    "MAE": 31.256230853547596,
    "RMSE": 57.813344114909135,
    "MB": 18.644665981569158
  }
}