{
  "pre_exp": {
    "R2": 0.9063998969146962,
    "MAE": 9.806182692911541,
    "RMSE": 15.44132891035375,
    "MB": 0.1647622600014065
  },
  "stage1": {
    "R2": 0.9201818757497253,
    "MAE": 8.454925022874042,
    "RMSE": 14.976569658839214,
    "MB": 0.09730738326560523
  },
  "stage2": {
    "R2": 0.8352319270488374,
    "MAE": 3.46174281845635,
    "RMSE": 5.138155053955228,
    "MB": -0.08043880486179797
  },
  "stage3": {
    "R2": 0.9103800124421876,
    "MAE": 6.970901190811525,
    "RMSE": 11.731294555159785,
    "MB": 0.11343212030301353
  }
}