{
  "pre_exp": {
    "R2": 0.9065682886455801,
    "MAE": 9.76684726971624,
    "RMSE": 15.427432757775362,
    "MB": 0.15818313257562072
  },
  "stage1": {
    "R2": 0.9201693328427678,
    "MAE": 8.401998002305042,
    "RMSE": 14.977746348609072,
    "MB": 0.04484614943983799
  },
  "stage2": {
    "R2": 0.8446428819701371,
    "MAE": 3.366147436623706,
    "RMSE": 4.9892613355417845,
    "MB": -0.01742566427115149
  },
  "stage3": {
    "R2": 0.9117617597293153,
    "MAE": 6.916900650065843,
    "RMSE": 11.640507606723395,
    "MB": 0.13336745925054924
  }
}