{
  "pre_exp": {
    "metrics": {
      "R2": 0.7503825060819771,
      "MAE": 17.858038230886176,
      "RMSE": 25.216454271742077,
      "MB": 0.842843015252659
    },
    "判定": {
      "innovation_verified": false
    }
  },
  "stage1": {
    "metrics": {
      "R2": 0.7560263466510072,
      "MAE": 17.335946352706472,
      "RMSE": 26.183823018314147,
      "MB": 0.8241637905752471
    },
    "判定": {
      "innovation_verified": false
    }
  },
  "stage2": {
    "metrics": {
      "R2": 0.6383165777427317,
      "MAE": 5.0441287453900845,
      "RMSE": 7.612634455432883,
      "MB": -0.10108458751466676
    },
    "判定": {
      "innovation_verified": false
    }
  },
  "stage3": {
    "metrics": {
      "R2": 0.7525742653187364,
      "MAE": 12.789083309425735,
      "RMSE": 19.492427788490534,
      "MB": 0.8147741810387084
    },
    "判定": {
      "innovation_verified": false
    }
  }
}