{
  "pre_exp": {
    "metrics": {
      "R2": 0.8468766156380682,
      "MAE": 13.347070981598602,
      "RMSE": 19.75000773266249,
      "MB": -0.33621407314329266
    },
    "判定": {
      "innovation_verified": false
    }
  },
  "stage1": {
    "metrics": {
      "R2": 0.8583560165234059,
      "MAE": 12.103627461262192,
      "RMSE": 19.950815760085458,
      "MB": -0.31028169947282197
    },
    "判定": {
      "innovation_verified": false
    }
  },
  "stage2": {
    "metrics": {
      "R2": 0.7241517968590558,
      "MAE": 4.542828045082807,
      "RMSE": 6.648225691149272,
      "MB": -0.4107631600474554
    },
    "判定": {
      "innovation_verified": false
    }
  },
  "stage3": {
    "metrics": {
      "R2": 0.848139986050817,
      "MAE": 9.754783829187485,
      "RMSE": 15.270920543990574,
      "MB": -0.5207086344119903
    },
    "判定": {
      "innovation_verified": false
    }
  }
}