{
  "pre_exp": {
    "metrics": {
      "R2": 0.7000888474760527,
      "MAE": 19.371423317698888,
      "RMSE": 27.64030418472736,
      "MB": -1.8695771005727604
    },
    "判定": {
      "innovation_verified": false
    }
  },
  "stage1": {
    "metrics": {
      "R2": 0.7045943626180025,
      "MAE": 18.775063960114935,
      "RMSE": 28.81183914900239,
      "MB": -1.6223174377707799
    },
    "判定": {
      "innovation_verified": false
    }
  },
  "stage2": {
    "metrics": {
      "R2": 0.3629698513197862,
      "MAE": 6.848363962630196,
      "RMSE": 10.103007326408285,
      "MB": -0.6880898396579833
    },
    "判定": {
      "innovation_verified": false
    }
  },
  "stage3": {
    "metrics": {
      "R2": 0.6935190326549968,
      "MAE": 14.347149521134913,
      "RMSE": 21.69428067447446,
      "MB": -1.5022458139680885
    },
    "判定": {
      "innovation_verified": false
    }
  }
}