{
  "pre_exp": {
    "metrics": {
      "R2": 0.8401751968963038,
      "MAE": 13.532140963025052,
      "RMSE": 20.177557767063302,
      "MB": -0.36099912106849597
    },
    "判定": {
      "innovation_verified": false
    }
  },
  "stage1": {
    "metrics": {
      "R2": 0.8560152135487303,
      "MAE": 12.204285879956862,
      "RMSE": 20.114993444585235,
      "MB": -0.2037917995044581
    },
    "判定": {
      "innovation_verified": false
    }
  },
  "stage2": {
    "metrics": {
      "R2": 0.7053728346818724,
      "MAE": 4.566522989497858,
      "RMSE": 6.870796223414416,
      "MB": -0.4299627512015345
    },
    "判定": {
      "innovation_verified": false
    }
  },
  "stage3": {
    "metrics": {
      "R2": 0.84480338934954,
      "MAE": 9.822775289802603,
      "RMSE": 15.437771766347762,
      "MB": -0.43535304321351226
    },
    "判定": {
      "innovation_verified": false
    }
  }
}