{
  "pre_exp": {
    "metrics": {
      "R2": 0.8989595930262564,
      "MAE": 10.252005321846202,
      "RMSE": 16.043312895736687,
      "MB": -0.06396101721784456
    },
    "判定": {
      "innovation_verified": true
    }
  },
  "stage1": {
    "metrics": {
      "R2": 0.9105172591192757,
      "MAE": 9.147446145983857,
      "RMSE": 15.85737260905219,
      "MB": -0.1975152847195496
    },
    "判定": {
      "innovation_verified": true
    }
  },
  "stage2": {
    "metrics": {
      "R2": 0.8473877356196056,
      "MAE": 3.3769292443822345,
      "RMSE": 4.944989715770791,
      "MB": -0.05060232462017877
    },
    "判定": {
      "innovation_verified": true
    }
  },
  "stage3": {
    "metrics": {
      "R2": 0.9059615951956874,
      "MAE": 7.27299137160558,
      "RMSE": 12.017001807747187,
      "MB": -0.015148447614378073
    },
    "判定": {
      "innovation_verified": true
    }
  }
}
