{
  "pre_exp": {
    "metrics": {
      "R2": 0.9018,
      "RMSE": 15.82,
      "MAE": 10.23,
      "MB": 0.05
    },
    "判定": {
      "innovation_verified": true
    }
  },
  "stage1": {
    "metrics": {
      "R2": 0.9128152733053899,
      "MAE": 9.102859065205715,
      "RMSE": 15.65243097555058,
      "MB": -0.13930550008361806
    },
    "判定": {
      "innovation_verified": true
    }
  },
  "stage2": {
    "metrics": {
      "R2": 0.8487833003902463,
      "MAE": 3.3643594782635375,
      "RMSE": 4.92232802894931,
      "MB": -0.049509890735942856
    },
    "判定": {
      "innovation_verified": false
    }
  },
  "stage3": {
    "metrics": {
      "R2": 0.9097292239797022,
      "MAE": 7.194755232083437,
      "RMSE": 11.773811752097286,
      "MB": 0.02516992693819123
    },
    "判定": {
      "innovation_verified": true
    }
  }
}